"","thr","method","basemethod","meas","fullmethod","splitval","NBR","TP","FP","TN","FN","TOT_CALLED","DIFF","NONDIFF","TPR","FDR","satis","method.satis"
"1",0.01,"msqrob2","msqrob2","__padj","msqrob2_overall","overall",505,467,38,6229,204,6938,671,6285,0.695976154992548,0.0752475247524752,"no","msqrob2_overallno"
"2",0.01,"pseudobulk","pseudobulk","__padj","pseudobulk_overall","overall",124,124,0,6267,547,6938,671,6285,0.184798807749627,0,"yes","pseudobulk_overallyes"
"3",0.01,"scp","scp","__padj","scp_overall","overall",364,361,3,6282,310,6956,671,6285,0.538002980625931,0.00824175824175824,"yes","scp_overallyes"
"4",0.05,"msqrob2","msqrob2","__padj","msqrob2_overall","overall",637,511,126,6141,160,6938,671,6285,0.761549925484352,0.197802197802198,"no","msqrob2_overallno"
"5",0.05,"pseudobulk","pseudobulk","__padj","pseudobulk_overall","overall",218,212,6,6261,459,6938,671,6285,0.315946348733234,0.0275229357798165,"yes","pseudobulk_overallyes"
"6",0.05,"scp","scp","__padj","scp_overall","overall",444,418,26,6259,253,6956,671,6285,0.622950819672131,0.0585585585585586,"no","scp_overallno"
"7",0.1,"msqrob2","msqrob2","__padj","msqrob2_overall","overall",774,540,234,6033,131,6938,671,6285,0.804769001490313,0.302325581395349,"no","msqrob2_overallno"
"8",0.1,"pseudobulk","pseudobulk","__padj","pseudobulk_overall","overall",280,259,21,6246,412,6938,671,6285,0.385991058122206,0.075,"yes","pseudobulk_overallyes"
"9",0.1,"scp","scp","__padj","scp_overall","overall",506,451,55,6230,220,6956,671,6285,0.672131147540984,0.108695652173913,"no","scp_overallno"
